group,sp,mID,mTag,trans,dist,trt,tag,side,L1,L2,L3,L4,Notes,
A,cal,1,135,home,0,NR,1429,R,0,0,0,0,20220329,
A,cal,1,135,home,0,C,1430,L,0,0,0,0,,
A,cal,1,135,T1,0.5,NR,1443,L,0,0,0,0,,
A,cal,1,135,T1,0.5,C,1444,R,0,0,0,0,,
A,cal,1,135,T1,1,C,1445,R,0,0,0,0,,
A,cal,1,135,T1,1,NR,1446,L,M,0,V,0,,
A,cal,1,135,T1,2,NR,1447,L,0,B,0,0,,
A,cal,1,135,T1,2,C,1448,R,0,0,0,0,,
A,cal,1,135,T2,0.5,NR,1449,L,M,M,M,M,,
A,cal,1,135,T2,0.5,C,1450,R,M,M,M,M,,
A,cal,1,135,T2,1,NR,1451,R,G,G,G,G,,
A,cal,1,135,T2,1,C,1452,L,M,M,M,M,,
A,cal,1,135,T2,2,C,1453,L,M,M,M,M,,
A,cal,1,135,T2,2,NR,1454,R,G,M,0,G,,
A,cal,2,138,home,0,NR,1491,R,V,0,0,0,,
A,cal,2,138,home,0,C,1492,L,0,M,M,M,,
A,cal,2,138,T1,0.5,NR,1493,R,0,0,0,0,,
A,cal,2,138,T1,0.5,C,1494,L,0,0,0,0,,
A,cal,2,138,T1,1,NR,1495,L,0,0,0,0,,
A,cal,2,138,T1,1,C,1496,R,0,M,M,M,,
A,cal,2,138,T1,2,C,1497,R,0,0,0,0,,
A,cal,2,138,T1,2,NR,1498,L,0,0,0,0,,
A,cal,2,138,T2,0.5,C,1499,L,0,0,0,0,,
A,cal,2,138,T2,0.5,NR,1500,R,0,0,0,0,,
A,cal,2,138,T2,1,NR,1501,L,0,0,0,0,,
A,cal,2,138,T2,1,C,1502,R,0,0,0,0,,
A,cal,2,138,T2,2,C,1503,R,0,M,0,0,,
A,cal,2,138,T2,2,NR,1504,L,0,0,0,0,,
A,cal,3,139,home,0,C,1427,L,M,0,0,0,,
A,cal,3,139,home,0,NR,1428,R,0,0,0,F,,
A,cal,3,139,T1,0.5,NR,1455,R,0,0,0,0,,
A,cal,3,139,T1,0.5,C,1456,L,0,0,M,0,,
A,cal,3,139,T1,1,C,1457,L,0,0,0,0,,
A,cal,3,139,T1,1,NR,1458,R,0,0,0,0,,
A,cal,3,139,T1,2,C,1459,R,0,0,0,0,,
A,cal,3,139,T1,2,NR,1460,L,G,G,G,G,,
A,cal,3,139,T2,0.5,C,1461,L,0,0,0,0,,
A,cal,3,139,T2,0.5,NR,1462,R,0,0,0,0,,
A,cal,3,139,T2,1,NR,1463,L,0,0,0,0,,
A,cal,3,139,T2,1,C,1464,R,0,0,0,0,,
A,cal,3,139,T2,2,NR,1465,L,0,0,0,0,,
A,cal,3,139,T2,2,C,1466,R,0,0,0,0,,
A,cal,4,107,home,0,C,1425,R,0,0,0,0,,
A,cal,4,107,home,0,NR,1426,L,0,0,0,0,,
group,sp,mID,mTag,trans,dist,trt,tag,side,L1,L2,L3,L4,Notes,
A,cal,4,107,T1,0.5,C,1479,R,0,0,0,0,20220329,
A,cal,4,107,T1,0.5,NR,1480,L,0,0,0,0,,
A,cal,4,107,T1,1,C,1481,R,0,0,0,0,,
A,cal,4,107,T1,1,NR,1482,L,0,0,0,0,,
A,cal,4,107,T1,2,C,1483,R,M,M,0,0,,
A,cal,4,107,T1,2,NR,1484,L,0,0,M,0,,
A,cal,4,107,T2,0.5,C,1485,L,0,0,0,0,,
A,cal,4,107,T2,0.5,NR,1486,R,0,0,0,0,,
A,cal,4,107,T2,1,NR,1487,L,0,0,0,0,,
A,cal,4,107,T2,1,C,1488,R,0,0,0,0,,
A,cal,4,107,T2,2,NR,1489,R,0,F,0,0,,
A,cal,4,107,T2,2,C,1490,L,0,0,0,0,,
A,cal,5,133,home,0,NR,1423,R,0,0,0,0,,
A,cal,5,133,home,0,C,1424,L,0,0,0,0,,
A,cal,5,133,T1,0.5,C,1467,L,G,G,G,G,,
A,cal,5,133,T1,0.5,NR,1468,R,G,0,G,0,,
A,cal,5,133,T1,1,C,1469,L,0,0,0,0,,
A,cal,5,133,T1,1,NR,1470,R,0,0,0,0,,
A,cal,5,133,T1,2,C,1471,R,0,0,0,0,,
A,cal,5,133,T1,2,NR,1472,L,0,0,0,0,,
A,cal,5,133,T2,0.5,NR,1473,R,0,0,0,0,,
A,cal,5,133,T2,0.5,C,1474,L,0,V,0,0,,
A,cal,5,133,T2,1,C,1475,R,0,0,0,0,,
A,cal,5,133,T2,1,NR,1476,L,0,0,G,0,,
A,cal,5,133,T2,2,NR,1477,R,0,0,0,0,,
A,cal,5,133,T2,2,C,1478,L,0,0,M,0,,
A,cal,6,112,home,0,NR,1421,L,0,0,0,0,,
A,cal,6,112,home,0,C,1422,R,0,0,0,0,,
A,cal,6,112,T1,0.5,C,1431,L,0,0,0,0,,
A,cal,6,112,T1,0.5,NR,1432,R,0,0,0,0,,
A,cal,6,112,T1,1,NR,1433,R,0,0,0,0,,
A,cal,6,112,T1,1,C,1434,L,0,0,0,M,,
A,cal,6,112,T1,2,NR,1435,R,0,M,0,0,,
A,cal,6,112,T1,2,C,1436,L,0,0,0,0,,
A,cal,6,112,T2,0.5,C,1437,L,0,0,0,0,,
A,cal,6,112,T2,0.5,NR,1438,R,0,0,0,0,,
A,cal,6,112,T2,1,C,1439,R,0,0,0,0,,
A,cal,6,112,T2,1,NR,1440,L,0,0,0,0,,
A,cal,6,112,T2,2,NR,1441,R,0,0,0,0,,
A,cal,6,112,T2,2,C,1442,L,0,0,0,0,,
A,fre,1,199,home,0,C,1082,R,0,0,0,0,,
A,fre,1,199,home,0,NR,1083,L,0,0,0,0,,
A,fre,1,199,T1,0.5,NR,1084,L,0,0,0,0,,
A,fre,1,199,T1,0.5,C,1085,R,0,0,0,0,,
group,sp,mID,mTag,trans,dist,trt,tag,side,L1,L2,L3,L4,Notes,
A,fre,1,199,T1,1,NR,1086,L,0,0,0,B,20220329,
A,fre,1,199,T1,1,C,1087,R,0,0,0,0,,
A,fre,1,199,T1,2,C,1088,R,0,0,0,0,,
A,fre,1,199,T1,2,NR,1089,L,0,0,V,0,,
A,fre,1,199,T2,0.5,C,1090,L,M,0,0,0,,
A,fre,1,199,T2,0.5,NR,1091,R,0,0,0,0,,
A,fre,1,199,T2,1,NR,1092,L,0,0,0,0,,
A,fre,1,199,T2,1,C,1093,R,0,M,0,0,,
A,fre,1,199,T2,2,C,1094,L,0,0,0,0,,
A,fre,1,199,T2,2,NR,1095,R,0,0,0,0,,
A,fre,2,198,home,0,NR,1096,R,0,0,0,0,,
A,fre,2,198,home,0,C,1097,L,0,0,0,0,,
A,fre,2,198,T1,0.5,NR,1101,R,0,0,0,0,,
A,fre,2,198,T1,0.5,C,1102,L,M,0,M,M,,
A,fre,2,198,T1,1,NR,1103,R,0,0,0,0,,
A,fre,2,198,T1,1,C,1104,L,0,0,M,M,,
A,fre,2,198,T1,2,NR,1105,R,0,0,0,0,,
A,fre,2,198,T1,2,C,1106,L,0,M,0,0,,
A,fre,2,198,T2,0.5,C,1107,R,0,0,0,0,,
A,fre,2,198,T2,0.5,NR,1108,L,0,0,0,0,,
A,fre,2,198,T2,1,C,1109,R,0,0,0,M,,
A,fre,2,198,T2,1,NR,1110,L,0,0,0,0,,
A,fre,2,198,T2,2,C,1111,L,0,0,0,0,,
A,fre,2,198,T2,2,NR,1112,R,0,M,0,0,,
A,fre,3,197,home,0,C,1113,L,M,0,M,M,,
A,fre,3,197,home,0,NR,1114,R,M,0,0,0,,
A,fre,3,197,T2,0.5,C,1115,L,0,0,0,0,,
A,fre,3,197,T2,0.5,NR,1116,R,G,0,G,G,,
A,fre,3,197,T2,1,NR,1117,R,0,0,0,0,,
A,fre,3,197,T2,1,C,1118,L,M,0,M,M,,
A,fre,3,197,T2,2,NR,1119,L,0,0,V,0,,
A,fre,3,197,T2,2,C,1120,R,M,M,0,0,,
A,fre,3,197,T1,0.5,NR,1121,R,0,0,0,0,,
A,fre,3,197,T1,0.5,C,1122,L,0,0,0,0,,
A,fre,3,197,T1,1,C,1123,L,0,0,0,0,,
A,fre,3,197,T1,1,NR,1124,R,0,0,0,V,,
A,fre,3,197,T1,2,C,1125,R,M,M,M,0,,
A,fre,3,197,T1,2,NR,1126,L,0,0,0,0,,
A,fre,4,287,home,0,NR,1127,L,0,0,0,0,,
A,fre,4,287,home,0,C,1128,R,0,0,0,0,,
A,fre,4,287,T2,0.5,C,1129,R,0,0,0,0,,
A,fre,4,287,T2,0.5,NR,1130,L,0,0,0,0,,
A,fre,4,287,T2,1,NR,1131,R,0,0,0,0,,
A,fre,4,287,T2,1,C,1132,L,0,0,0,0,,
group,sp,mID,mTag,trans,dist,trt,tag,side,L1,L2,L3,L4,Notes,
A,fre,4,287,T2,2,C,1133,L,0,0,0,0,,
A,fre,4,287,T2,2,NR,1134,R,0,0,0,0,,
A,fre,4,287,T1,0.5,NR,1135,R,0,0,0,0,,
A,fre,4,287,T1,0.5,C,1136,L,0,0,0,0,,
A,fre,4,287,T1,1,C,1137,L,F,0,0,0,,
A,fre,4,287,T1,1,NR,1138,R,0,0,F,0,,
A,fre,4,287,T1,2,NR,1139,L,0,0,0,0,,
A,fre,4,287,T1,2,C,1140,R,F,M,M,M,,
A,fre,5,286,home,0,NR,1141,R,0,0,M,M,,
A,fre,5,286,home,0,C,1142,L,0,0,0,0,,
A,fre,5,286,T2,0.5,C,1149,R,M,0,0,0,,
A,fre,5,286,T2,0.5,NR,1150,L,B,0,0,0,,
A,fre,5,286,T2,1,NR,1151,R,0,0,M,0,,
A,fre,5,286,T2,1,C,1152,L,0,0,M,0,,
A,fre,5,286,T2,2,C,1153,L,0,0,0,0,,
A,fre,5,286,T2,2,NR,1154,R,0,0,0,0,,
A,fre,6,288,home,0,NR,1155,R,0,0,0,0,,
A,fre,6,288,home,0,C,1156,L,0,0,0,0,,
A,fre,6,288,T1,0.5,C,1157,L,0,0,0,0,,
A,fre,6,288,T1,0.5,NR,1158,R,0,0,0,0,,
A,fre,6,288,T1,1,C,1159,L,0,M,M,M,,
A,fre,6,288,T1,1,NR,1160,R,0,0,0,0,,
A,fre,6,288,T1,2,NR,1161,R,0,0,0,0,,
A,fre,6,288,T1,2,C,1162,L,0,0,0,M,,
A,fre,6,288,T2,0.5,NR,1163,L,0,0,0,0,,
A,fre,6,288,T2,0.5,C,1164,R,0,0,M,0,,
A,fre,6,288,T2,1,C,1165,L,M,M,0,0,,
A,fre,6,288,T2,1,NR,1166,R,0,0,0,0,,
A,fre,6,288,T2,2,NR,1167,R,0,0,0,0,,
A,fre,6,288,T2,2,C,1168,L,0,0,0,M,,
B,cal,1,175,home,0,NR,1183,L,,,,,20220330,
B,cal,1,175,home,0,C,1184,R,,,,,,
B,cal,1,175,T1,0.5,C,1185,R,,,,,,
B,cal,1,175,T1,0.5,NR,1186,L,,,,,,
B,cal,1,175,T1,1,C,1187,L,,,,,,
B,cal,1,175,T1,1,NR,1188,R,,,,,,
B,cal,1,175,T1,2,C,1189,L,,,,,,
B,cal,1,175,T1,2,NR,1190,R,,,,,,
B,cal,1,175,T2,0.5,NR,1191,R,,,,,,
B,cal,1,175,T2,0.5,C,1192,L,,,,,,
B,cal,1,175,T2,1,NR,1193,R,,,,,,
B,cal,1,175,T2,1,C,1194,L,,,,,,
B,cal,1,175,T2,2,C,1195,L,,,,,,
B,cal,1,175,T2,2,NR,1196,R,,,,,,
group,sp,mID,mTag,trans,dist,trt,tag,side,L1,L2,L3,L4,Notes,
B,cal,2,172,home,0,C,1169,R,0,0,0,0,,
B,cal,2,172,home,0,NR,1170,L,0,0,0,0,,
B,cal,2,172,T1,0.5,C,1171,R,0,0,0,0,,
B,cal,2,172,T1,0.5,NR,1172,L,0,0,0,0,,
B,cal,2,172,T1,1,C,1173,R,0,0,0,0,,
B,cal,2,172,T1,1,NR,1174,L,G,G,G,G,,
B,cal,2,172,T1,2,NR,1175,R,0,G,0,0,,
B,cal,2,172,T1,2,C,1176,L,0,0,0,0,,
B,cal,2,172,T2,0.5,C,1177,R,0,0,0,0,,
B,cal,2,172,T2,0.5,NR,1178,L,0,0,0,0,,
B,cal,2,172,T2,1,NR,1179,R,0,0,0,0,,
B,cal,2,172,T2,1,C,1180,L,0,0,0,0,,
B,cal,2,172,T2,2,C,1181,R,0,0,0,0,,
B,cal,2,172,T2,2,NR,1182,L,0,0,0,0,,
B,cal,3,174,home,0,C,1211,L,0,M,0,0,,
B,cal,3,174,home,0,NR,1212,R,0,0,0,0,,
B,cal,3,174,T1,0.5,NR,1229,R,0,0,0,0,,
B,cal,3,174,T1,0.5,C,1230,L,V,0,0,0,,
B,cal,3,174,T1,1,C,1231,R,G,G,G,G,,
B,cal,3,174,T1,1,NR,1232,L,0,G,M,G,,
B,cal,3,174,T1,2,NR,1233,R,0,0,0,0,,
B,cal,3,174,T1,2,C,1234,L,0,G,0,0,,
B,cal,3,174,T2,0.5,NR,1235,R,0,0,B,0,,
B,cal,3,174,T2,0.5,C,1236,L,0,0,0,0,,
B,cal,3,174,T2,1,C,1237,R,0,0,0,0,,
B,cal,3,174,T2,1,NR,1238,L,0,0,0,0,,
B,cal,3,174,T2,2,NR,1239,L,f,0,0,0,,
B,cal,3,174,T2,2,C,1240,R,0,0,0,0,,
B,cal,5,265,home,0,C,1227,L,G,M,0,G,,
B,cal,5,265,home,0,NR,1228,R,f,0,0,0,,
B,cal,5,265,T2,0.5,NR,1241,R,0,0,0,0,,
B,cal,5,265,T2,0.5,C,1242,L,0,0,0,0,,
B,cal,5,265,T2,1,C,1243,R,0,0,0,0,,
B,cal,5,265,T2,1,NR,1244,L,0,F,0,0,,
B,cal,5,265,T2,2,NR,1245,R,0,0,0,0,,
B,cal,5,265,T2,2,C,1246,L,0,0,0,0,,
B,cal,6,264,home,0,C,1197,L,0,0,0,0,,
B,cal,6,264,home,0,NR,1198,R,0,0,0,0,,
B,cal,6,264,T1,0.5,C,1199,R,0,0,0,0,,
B,cal,6,264,T1,0.5,NR,1200,L,0,0,0,0,,
B,cal,6,264,T1,1,NR,1201,L,0,0,0,0,,
B,cal,6,264,T1,1,C,1202,R,0,0,0,0,,
B,cal,6,264,T1,2,C,1203,R,0,0,0,0,,
B,cal,6,264,T1,2,NR,1204,L,0,0,0,0,,
group,sp,mID,mTag,trans,dist,trt,tag,side,L1,L2,L3,L4,Notes,
B,cal,6,264,T2,0.5,NR,1205,R,0,0,0,0,,
B,cal,6,264,T2,0.5,C,1206,L,0,f,0,0,Look like NR,
B,cal,6,264,T2,1,C,1207,R,G,G,G,G,,
B,cal,6,264,T2,1,NR,1208,L,0,0,0,0,,
B,cal,6,264,T2,2,NR,1209,L,0,0,0,0,,
B,cal,6,264,T2,2,C,1210,R,0,0,0,0,,
B,fre,1,181,home,0,NR,1253,L,0,M,0,0,,
B,fre,1,181,home,0,C,1254,R,0,M,0,0,,
B,fre,1,181,T1,0.5,C,1255,L,0,0,0,G,,
B,fre,1,181,T1,0.5,NR,1256,R,M,M,0,0,,
B,fre,1,181,T1,2,C,1257,L,0,0,0,0,,
B,fre,1,181,T1,2,NR,1258,R,G,M,G,G,,
B,fre,1,181,T1,1,C,1259,R,0,0,0,0,,
B,fre,1,181,T1,1,NR,1260,L,0,0,0,0,,
B,fre,1,181,T2,0.5,NR,1261,R,0,0,0,0,,
B,fre,1,181,T2,0.5,C,1262,L,0,0,0,0,,
B,fre,1,181,T2,1,NR,1263,L,0,0,0,M,,
B,fre,1,181,T2,1,C,1264,R,0,0,0,0,,
B,fre,1,181,T2,2,NR,1265,L,0,0,0,0,,
B,fre,1,181,T2,2,C,1266,R,0,0,0,0,,
B,fre,2,179,home,0,C,1295,L,0,0,0,0,,
B,fre,2,179,home,0,NR,1296,R,0,0,0,0,,
B,fre,2,179,T2,0.5,C,1297,L,0,0,0,0,,
B,fre,2,179,T2,0.5,NR,1298,R,0,0,M,0,,
B,fre,2,179,T2,1,NR,1299,L,0,0,0,0,,
B,fre,2,179,T2,1,C,1300,R,0,0,0,0,,
B,fre,2,179,T2,2,NR,1301,L,0,0,0,0,,
B,fre,2,179,T2,2,C,1302,R,0,0,0,0,,
B,fre,2,179,T1,0.5,NR,1303,R,0,0,0,0,,
B,fre,2,179,T1,0.5,C,1304,L,0,0,0,0,,
B,fre,2,179,T1,1,NR,1305,L,0,0,0,0,,
B,fre,2,179,T1,1,C,1306,R,0,0,0,0,,
B,fre,2,179,T1,2,C,1307,L,0,0,0,0,,
B,fre,2,179,T1,2,NR,1308,R,0,0,0,0,,
B,fre,3,180,home,0,C,1267,R,M,0,M,M,,
B,fre,3,180,home,0,NR,1268,L,0,0,0,M,,
B,fre,3,180,T1,0.5,NR,1269,R,0,0,0,0,,
B,fre,3,180,T1,0.5,C,1270,L,0,0,0,0,,
B,fre,3,180,T1,1,NR,1271,L,0,0,0,0,,
B,fre,3,180,T1,1,C,1272,R,0,0,0,0,,
B,fre,3,180,T1,2,NR,1273,L,0,0,0,0,,
B,fre,3,180,T1,2,C,1274,R,M,0,0,0,,
B,fre,3,180,T2,0.5,NR,1275,R,0,0,0,0,,
B,fre,3,180,T2,0.5,C,1276,L,0,0,M,0,,
group,sp,mID,mTag,trans,dist,trt,tag,side,L1,L2,L3,L4,Notes,
B,fre,3,180,T2,1,NR,1277,R,0,0,0,0,,
B,fre,3,180,T2,1,C,1278,L,0,0,0,0,,
B,fre,3,180,T2,2,C,1279,L,0,0,0,0,,
B,fre,3,180,T2,2,NR,1280,R,0,0,0,0,,
B,fre,4,271,home,0,NR,1281,L,M,0,0,0,,
B,fre,4,271,home,0,C,1282,R,0,M,0,0,,
B,fre,4,271,T2,0.5,C,1289,R,0,0,0,0,,
B,fre,4,271,T2,0.5,NR,1290,L,0,M,M,M,,
B,fre,4,271,T2,1,NR,1291,L,0,0,0,0,,
B,fre,4,271,T2,1,C,1292,R,0,0,0,0,,
B,fre,4,271,T2,2,C,1293,L,0,0,0,0,,
B,fre,4,271,T2,2,NR,1294,R,0,0,0,0,,
B,fre,5,270,home,0,NR,1323,L,0,0,0,0,,
B,fre,5,270,home,0,C,1324,R,M,M,0,M,,
B,fre,5,270,T1,0.5,C,1325,L,0,0,0,0,,
B,fre,5,270,T1,0.5,NR,1326,R,0,0,0,0,,
B,fre,5,270,T1,1,C,1327,L,0,0,0,0,,
B,fre,5,270,T1,1,NR,1328,R,0,M,0,0,,
B,fre,5,270,T1,2,NR,1329,R,0,0,0,0,,
B,fre,5,270,T1,2,C,1330,L,0,0,0,0,,
B,fre,5,270,T2,0.5,NR,1331,R,0,0,0,0,,
B,fre,5,270,T2,0.5,C,1332,L,M,0,0,0,,
B,fre,5,270,T2,1,NR,1333,R,0,0,0,0,,
B,fre,5,270,T2,1,C,1334,L,0,0,0,0,,
B,fre,5,270,T2,2,C,1335,L,0,0,0,0,,
B,fre,5,270,T2,2,NR,1336,R,0,0,0,0,,
B,fre,6,269,home,0,NR,1309,L,0,B,0,0,,
B,fre,6,269,home,0,C,1310,R,0,0,0,0,,
B,fre,6,269,T2,0.5,C,1311,R,0,0,0,0,,
B,fre,6,269,T2,0.5,NR,1312,L,0,0,0,0,,
B,fre,6,269,T2,1,C,1313,L,0,0,0,0,,
B,fre,6,269,T2,1,NR,1314,R,0,0,0,0,,
B,fre,6,269,T2,2,C,1315,L,0,0,0,0,,
B,fre,6,269,T2,2,NR,1316,R,0,0,0,0,,
B,glab,2,176,home,0,C,1339,L,0,0,0,0,,
B,glab,2,176,home,0,NR,1340,R,0,0,0,0,,
B,glab,2,176,T1,0.5,C,1361,L,0,0,V,0,,
B,glab,2,176,T1,0.5,NR,1362,R,V,M,0,0,,
B,glab,2,176,T1,1,C,1363,L,0,0,0,0,,
B,glab,2,176,T1,1,NR,1364,R,0,0,0,0,,
B,glab,2,176,T1,2,C,1365,R,0,0,0,0,,
B,glab,2,176,T1,2,NR,1366,L,0,0,0,0,,
B,glab,4,266,home,0,NR,1341,L,M,M,0,M,,
B,glab,4,266,home,0,C,1342,R,V,V,0,0,,
group,sp,mID,mTag,trans,dist,trt,tag,side,L1,L2,L3,L4,Notes,
B,glab,4,266,T2,0.5,C,1379,L,0,M,0,0,,
B,glab,4,266,T2,0.5,NR,1380,R,0,0,0,0,,
B,glab,4,266,T2,1,NR,1381,L,0,0,0,0,,
B,glab,4,266,T2,1,C,1382,R,0,0,0,0,,
B,glab,4,266,T2,2,C,1383,L,0,0,0,0,,
B,glab,4,266,T2,2,NR,1384,R,0,0,0,0,,
C,cal,1,150,T2,0.5,NR,1521,L,0,0,0,0,20220330,
C,cal,1,150,T1,1,C,1522,L,0,0,0,M,,
C,cal,1,150,home,0,C,1524,R,0,0,M,0,,
C,cal,1,150,T2,2,C,1526,R,0,M,0,0,,
C,cal,1,150,T1,0.5,NR,1527,L,0,0,0,0,,
C,cal,1,150,T2,1,NR,1528,L,0,0,0,0,,
C,cal,1,150,T1,0.5,C,1529,R,0,0,0,M,,
C,cal,1,150,T1,1,NR,1530,R,0,0,0,0,,
C,cal,1,150,T2,2,NR,1531,L,0,0,0,0,,
C,cal,1,150,T2,1,C,1533,R,0,0,0,0,,
C,cal,1,150,T2,0.5,C,1534,R,0,0,0,0,,
C,cal,1,150,home,0,NR,1536,L,0,0,0,0,,
C,cal,1,150,T1,2,NR,1537,R,0,0,0,0,,
C,cal,1,150,T1,2,C,1538,L,0,0,0,M,,
C,cal,2,148,home,0,C,1512,R,M,M,0,0,,
C,cal,2,148,home,0,NR,1518,L,0,0,0,0,,
C,cal,2,148,T1,2,C,1549,R,0,0,F,0,,
C,cal,2,148,T1,2,NR,1550,L,0,0,0,M,,
C,cal,2,148,T1,1,C,1551,L,0,0,0,0,,
C,cal,2,148,T1,1,NR,1552,R,0,0,0,0,,
C,cal,2,148,T1,0.5,NR,1553,L,0,0,0,0,,
C,cal,2,148,T1,0.5,C,1554,R,M,0,0,0,,
C,cal,2,148,T2,0.5,NR,1555,R,V,0,0,0,,
C,cal,2,148,T2,0.5,C,1556,L,0,0,0,0,,
C,cal,2,148,T2,1,C,1557,L,0,0,0,M,,
C,cal,2,148,T2,1,NR,1558,R,0,0,0,0,,
C,cal,2,148,T2,2,NR,1559,R,0,0,0,0,,
C,cal,2,148,T2,2,C,1560,L,0,0,0,0,,
C,cal,3,149,home,0,C,1516,R,0,0,0,0,,
C,cal,3,149,home,0,NR,1520,L,0,0,M,0,,
C,cal,3,149,T1,0.5,C,1579,R,0,0,0,0,,
C,cal,3,149,T1,0.5,NR,1580,L,0,0,0,0,,
C,cal,3,149,T1,1,C,1581,R,0,0,0,0,,
C,cal,3,149,T1,1,NR,1582,L,0,0,0,0,,
C,cal,3,149,T1,2,NR,1583,R,0,0,0,0,,
C,cal,3,149,T1,2,C,1584,L,0,0,0,0,,
C,cal,4,239,home,0,C,1513,L,0,0,0,M,,
C,cal,4,239,home,0,NR,1514,R,0,0,0,0,,
group,sp,mID,mTag,trans,dist,trt,tag,side,L1,L2,L3,L4,Notes,
C,cal,4,239,T2,0.5,NR,1543,L,0,M,M,M,,
C,cal,4,239,T2,0.5,C,1544,R,0,0,0,0,,
C,cal,4,239,T2,1,NR,1545,L,0,0,0,0,,
C,cal,4,239,T2,1,C,1546,R,0,0,0,0,,
C,cal,4,239,T2,2,C,1547,L,0,0,0,0,,
C,cal,4,239,T2,2,NR,1548,R,0,0,0,V,,
C,cal,4,239,T1,0.5,NR,1585,L,0,0,0,0,,
C,cal,4,239,T1,0.5,C,1586,R,0,0,0,0,,
C,cal,4,239,T1,1,C,1587,R,0,0,0,0,,
C,cal,4,239,T1,1,NR,1588,L,0,0,0,0,,
C,cal,4,239,T1,2,C,1589,L,0,0,0,0,,
C,cal,4,239,T1,2,NR,1590,R,0,0,0,0,,
C,cal,5,238,home,0,C,1508,R,0,0,M,M,,
C,cal,5,238,home,0,NR,1511,L,0,0,0,0,,
C,cal,5,238,T2,0.5,C,1561,L,0,0,0,0,,
C,cal,5,238,T2,0.5,NR,1562,R,0,0,0,0,,
C,cal,5,238,T2,1,C,1563,L,0,0,0,0,,
C,cal,5,238,T2,1,NR,1564,R,0,0,0,0,,
C,cal,5,238,T2,2,C,1565,R,0,0,0,0,,
C,cal,5,238,T2,2,NR,1566,L,0,0,0,0,,
C,cal,5,238,T1,0.5,C,1567,L,0,0,0,0,,
C,cal,5,238,T1,0.5,NR,1568,R,0,0,0,0,,
C,cal,5,238,T1,1,NR,1569,L,0,0,0,0,,
C,cal,5,238,T1,1,C,1570,R,0,0,0,0,,
C,cal,5,238,T1,2,C,1571,R,0,0,0,0,,
C,cal,5,238,T1,2,NR,1572,L,0,0,0,0,,
C,cal,6,244,T1,0.5,NR,1505,R,0,0,0,0,,
C,cal,6,244,T1,0.5,C,1515,L,0,0,0,0,,
C,cal,6,244,home,0,C,1519,L,0,0,0,0,,
C,cal,6,244,home,0,NR,1525,R,0,0,0,0,,
C,cal,6,244,T1,1,NR,1539,L,M,0,0,0,,
C,cal,6,244,T1,1,C,1540,R,0,M,0,0,,
C,cal,6,244,T1,2,C,1541,R,0,0,0,0,,
C,cal,6,244,T1,2,NR,1542,L,0,0,0,0,,
C,fre,2,230,home,0,NR,1596,R,0,0,M,0,,
C,fre,2,230,home,0,C,1597,L,0,0,0,M,,
C,fre,2,230,T1,0.5,NR,1615,L,0,0,0,0,,
C,fre,2,230,T1,0.5,C,1616,R,0,0,0,0,,
C,fre,2,230,T1,1,NR,1617,R,0,0,0,0,,
C,fre,2,230,T1,1,C,1618,L,0,0,0,0,,
C,fre,2,230,T1,2,NR,1619,R,0,0,0,0,,
C,fre,2,230,T1,2,C,1620,L,0,M,0,M,,
C,fre,3,229,home,0,NR,1595,L,0,0,0,0,,
C,fre,3,229,home,0,C,1598,R,0,0,0,0,,
group,sp,mID,mTag,trans,dist,trt,tag,side,L1,L2,L3,L4,Notes,
C,fre,3,229,T2,0.5,NR,1627,L,0,0,0,0,,
C,fre,3,229,T2,0.5,C,1628,R,0,0,0,0,,
C,fre,3,229,T2,1,C,1629,R,0,0,0,0,,
C,fre,3,229,T2,1,NR,1630,L,0,0,0,0,,
C,fre,3,229,T2,2,NR,1631,L,0,0,0,0,,
C,fre,3,229,T2,2,C,1632,R,0,0,0,0,,
C,fre,3,229,T1,0.5,NR,1633,L,0,0,0,0,,
C,fre,3,229,T1,0.5,C,1634,R,0,0,0,0,,
C,fre,3,229,T1,1,C,1635,R,0,0,0,0,,
C,fre,3,229,T1,1,NR,1636,L,0,0,0,0,,
C,fre,3,229,T1,2,C,1637,L,0,0,0,G,,
C,fre,3,229,T1,2,NR,1638,R,0,0,0,0,,
C,fre,4,228,home,0,NR,1591,L,0,0,0,0,,
C,fre,4,228,home,0,C,1601,R,0,0,0,0,,
C,fre,4,228,T1,0.5,NR,1639,R,0,0,0,0,,
C,fre,4,228,T1,0.5,C,1640,L,0,0,M,0,,
C,fre,4,228,T1,1,NR,1641,L,0,0,0,0,,
C,fre,4,228,T1,1,C,1642,R,0,0,0,0,,
C,fre,4,228,T1,2,C,1643,L,0,0,0,0,,
C,fre,4,228,T1,2,NR,1644,R,0,0,0,0,,
C,fre,4,228,T2,0.5,NR,1645,L,0,0,0,0,,
C,fre,4,228,T2,0.5,C,1646,R,0,0,0,0,,
C,fre,4,228,T2,1,NR,1647,R,V,0,0,0,,
C,fre,4,228,T2,1,C,1648,L,0,0,0,0,,
C,fre,4,228,T2,2,C,1649,L,0,0,M,M,,
C,fre,4,228,T2,2,NR,1650,R,0,0,0,0,,
C,fre,5,227,home,0,NR,1592,R,0,0,M,0,,
C,fre,5,227,home,0,C,1593,L,0,0,0,0,,
C,fre,5,227,T2,0.5,NR,1651,L,0,0,0,0,,
C,fre,5,227,T2,0.5,C,1652,R,0,0,0,0,,
C,fre,5,227,T2,1,C,1653,R,0,0,0,0,,
C,fre,5,227,T2,1,NR,1654,L,F,0,0,0,,
C,fre,5,227,T2,2,NR,1655,L,0,0,0,0,,
C,fre,5,227,T2,2,C,1656,R,0,0,0,V,,
C,fre,5,227,T1,0.5,NR,1657,L,0,0,0,0,,
C,fre,5,227,T1,0.5,C,1658,R,0,0,0,0,,
C,fre,5,227,T1,1,NR,1659,R,0,0,0,0,,
C,fre,5,227,T1,1,C,1660,L,0,0,0,0,,
C,fre,5,227,T1,2,NR,1661,R,0,0,0,M,,
C,fre,5,227,T1,2,C,1662,L,0,0,0,0,,
C,glab,4,220,home,0,NR,1692,R,,,,,,
C,glab,4,220,home,0,C,1693,L,0,0,0,0,,
C,glab,4,220,T1,0.5,NR,1728,L,,,,,,
C,glab,4,220,T1,0.5,C,1729,R,0,0,0,0,,
group,sp,mID,mTag,trans,dist,trt,tag,side,L1,L2,L3,L4,Notes,
C,glab,4,220,T1,1,NR,1730,R,,,,,,
C,glab,4,220,T1,1,C,1731,L,0,0,0,0,,
C,glab,4,220,T1,2,C,1732,R,0,0,0,0,,
C,glab,4,220,T1,2,NR,1733,L,,,,,,
D,cal,1,170,home,0,C,1973,R,M,M,M,M,20220331,
D,cal,1,170,home,0,NR,1974,L,,,,,These plots are all messed up --> gophers moved flags and not clear what is go my on --> also very unlikely any individuals as none seen in the footprints were found,
D,cal,1,170,T2,0.5,C,1983,L,,,,,,
D,cal,1,170,T2,0.5,NR,1984,R,,,,,,
D,cal,1,170,T2,1,C,1985,L,,,,,,
D,cal,1,170,T2,1,NR,1986,R,,,,,,
D,cal,1,170,T2,2,NR,1987,R,,,,,,
D,cal,1,170,T2,2,C,1988,L,,,,,,
D,cal,1,170,T1,0.5,C,1989,R,,,,,,
D,cal,1,170,T1,0.5,NR,1990,L,,,,,,
D,cal,1,170,T1,1,C,1991,R,,,,,,
D,cal,1,170,T1,1,NR,1992,L,,,,,,
D,cal,1,170,T1,2,C,1993,L,,,,,,
D,cal,1,170,T1,2,NR,1994,R,,,,,,
D,cal,2,171,home,0,NR,1975,R,,,,,,
D,cal,2,171,home,0,C,1977,L,,,,,,
D,cal,2,171,T1,0.5,NR,2001,L,,,,,,
D,cal,2,171,T1,0.5,C,2002,R,,,,,,
D,cal,2,171,T1,1,C,2003,L,,,,,,
D,cal,2,171,T1,1,NR,2004,R,,,,,,
D,cal,2,171,T1,2,C,2005,R,,,,,,
D,cal,2,171,T1,2,NR,2006,L,,,,,,
D,cal,3,169,home,0,NR,1897,L,G,G,G,G,,
D,cal,3,169,home,0,C,1980,R,G,G,G,G,,
D,cal,3,169,T1,0.5,C,2007,R,0,M,M,0,,
D,cal,3,169,T1,0.5,NR,2008,L,G,0,G,G,,
D,cal,3,169,T1,1,C,2009,L,M,M,M,M,,
D,cal,3,169,T1,1,NR,2010,R,M,M,M,M,,
D,cal,3,169,T1,2,C,2011,R,,,,,All missing,
D,cal,3,169,T1,2,NR,2012,L,,,,,,
D,cal,3,169,T2,0.5,NR,2013,R,,,,,,
D,cal,3,169,T2,0.5,C,2014,L,,,,,,
D,cal,3,169,T2,1,C,2015,L,,,,,,
D,cal,3,169,T2,1,NR,2016,R,,,,,,
D,cal,3,169,T2,2,NR,2017,R,,,,,,
D,cal,3,169,T2,2,C,2018,L,,,,,,
D,cal,4,261,home,0,C,1978,L,M,0,M,M,,
D,cal,4,261,home,0,NR,1979,R,0,M,0,M,,
D,cal,4,261,T2,0.5,NR,2019,R,0,0,M,0,,
D,cal,4,261,T2,0.5,C,2020,L,0,0,0,0,,
group,sp,mID,mTag,trans,dist,trt,tag,side,L1,L2,L3,L4,Notes,
D,cal,4,261,T2,1,C,2021,R,0,0,0,0,,
D,cal,4,261,T2,1,NR,2022,L,M,0,0,0,,
D,cal,4,261,T2,2,NR,2023,R,0,0,0,0,,
D,cal,4,261,T2,2,C,2024,L,0,0,M,0,,
D,cal,4,261,T1,0.5,NR,2025,L,0,0,M,0,,
D,cal,4,261,T1,0.5,C,2026,R,0,0,0,0,,
D,cal,4,261,T1,1,C,2027,L,0,0,M,0,,
D,cal,4,261,T1,1,NR,2028,R,0,0,0,0,,
D,cal,4,261,T1,2,C,2029,R,M,M,M,M,,
D,cal,4,261,T1,2,NR,2030,L,0,0,0,M,,
D,cal,6,262,home,0,NR,1976,L,0,M,0,0,,
D,cal,6,262,home,0,C,1982,R,0,M,0,M,,
D,cal,6,262,T1,0.5,C,2043,L,0,0,0,0,,
D,cal,6,262,T1,0.5,NR,2044,R,0,0,0,0,,
D,cal,6,262,T1,1,NR,2045,R,0,0,G,0,,
D,cal,6,262,T1,1,C,2046,L,0,0,0,0,,
D,cal,6,262,T1,2,C,2047,R,G,0,M,G,,
D,cal,6,262,T1,2,NR,2048,L,0,0,0,0,,
D,fre,2,189,home,0,NR,1885,L,M,0,M,0,,
D,fre,2,189,home,0,C,1888,R,0,0,0,0,,
D,fre,2,189,T1,0.5,NR,1937,R,0,0,M,0,,
D,fre,2,189,T1,0.5,C,1938,L,0,V,0,M,,
D,fre,2,189,T1,1,NR,1939,L,0,0,0,0,,
D,fre,2,189,T1,1,C,1940,R,M,0,0,0,,
D,fre,2,189,T1,2,NR,1941,L,0,0,0,0,,
D,fre,2,189,T1,2,C,1942,R,0,F,0,V,,
D,fre,2,189,T2,2,C,1943,L,0,0,0,0,,
D,fre,2,189,T2,2,NR,1944,R,0,0,0,0,,
D,fre,2,189,T2,1,NR,1945,R,0,0,0,M,,
D,fre,2,189,T2,1,C,1946,L,0,M,M,M,,
D,fre,2,189,T2,0.5,NR,1947,R,0,0,0,0,,
D,fre,2,189,T2,0.5,C,1948,L,0,0,0,0,,
D,fre,3,188,home,0,NR,1891,L,M,0,M,M,,
D,fre,3,188,home,0,C,1894,R,0,0,0,0,,
D,fre,3,188,T2,2,NR,1961,L,M,M,M,M,,
D,fre,3,188,T2,2,C,1962,R,M,M,M,M,,
D,fre,3,188,T1,0.5,C,1963,R,0,0,0,0,,
D,fre,3,188,T1,0.5,NR,1964,L,0,0,0,0,,
D,fre,3,188,T1,1,NR,1965,L,0,0,V,0,,
D,fre,3,188,T1,1,C,1966,R,M,M,M,M,,
D,fre,3,188,T1,2,NR,1967,R,0,0,0,0,,
D,fre,3,188,T1,2,C,1968,L,0,0,M,0,,
D,fre,3,188,T2,0.5,NR,1969,R,0,0,0,0,,
D,fre,3,188,T2,0.5,C,1970,L,0,0,M,M,,
group,sp,mID,mTag,trans,dist,trt,tag,side,L1,L2,L3,L4,Notes,
D,fre,3,188,T2,1,C,1971,R,0,0,0,0,,
D,fre,3,188,T2,1,NR,1972,L,M,0,0,0,,
D,fre,4,279,home,0,C,1895,L,0,0,0,0,,
D,fre,4,279,home,0,NR,1896,R,0,0,0,0,,
D,fre,4,279,T2,0.5,NR,1949,R,0,0,0,0,,
D,fre,4,279,T2,0.5,C,1950,L,0,0,0,0,,
D,fre,4,279,T2,1,NR,1951,R,0,0,0,0,,
D,fre,4,279,T2,1,C,1952,L,0,0,0,0,,
D,fre,4,279,T2,2,C,1953,R,0,0,0,0,,
D,fre,4,279,T2,2,NR,1954,L,0,0,0,0,,
D,fre,4,279,T1,2,NR,1955,R,0,0,0,0,,
D,fre,4,279,T1,2,C,1956,L,0,0,0,0,,
D,fre,4,279,T1,1,C,1957,R,0,0,0,0,,
D,fre,4,279,T1,1,NR,1958,L,0,0,V,0,tiny,
D,fre,4,279,T1,0.5,NR,1959,R,0,0,0,0,,
D,fre,4,279,T1,0.5,C,1960,L,0,0,M,0,,
D,fre,5,278,home,0,NR,1893,R,0,0,0,0,,
D,fre,5,278,home,0,C,1899,L,0,0,0,0,,
D,fre,5,278,T2,0.5,NR,1901,R,0,0,0,0,,
D,fre,5,278,T2,0.5,C,1902,L,0,0,0,0,,
D,fre,5,278,T2,1,C,1903,R,0,0,0,0,,
D,fre,5,278,T2,1,NR,1904,L,0,0,0,0,,
D,fre,5,278,T2,2,C,1905,R,0,0,0,0,,
D,fre,5,278,T2,2,NR,1906,L,0,0,0,0,,
D,fre,6,282,home,0,NR,1889,R,0,0,0,0,20220331,
D,fre,6,282,home,0,C,1890,L,0,0,0,0,,
D,fre,6,282,T1,0.5,NR,1913,L,0,0,0,0,,
D,fre,6,282,T1,0.5,C,1914,R,0,0,0,0,,
D,fre,6,282,T1,1,NR,1915,R,0,0,0,0,,
D,fre,6,282,T1,1,C,1916,L,0,0,0,0,,
D,fre,6,282,T1,2,C,1917,L,0,0,0,0,,
D,fre,6,282,T1,2,NR,1918,R,0,0,0,0,,
D,fre,6,282,T2,0.5,NR,1919,L,0,M,B,M,,
D,fre,6,282,T2,0.5,C,1920,R,0,0,0,0,,
D,fre,6,282,T2,1,NR,1921,L,M,M,M,M,,
D,fre,6,282,T2,1,C,1922,R,0,0,0,0,,
D,fre,6,282,T2,2,C,1923,L,M,0,0,0,,
D,fre,6,282,T2,2,NR,1924,R,0,0,0,0,,
E,cal,1,223,T1,0.5,C,1981,R,M,0,0,0,,
E,cal,1,223,home,0,C,2056,L,M,M,M,M,,
E,cal,1,223,home,0,NR,2063,R,M,M,M,,,
E,cal,1,223,T2,0.5,C,2092,L,0,0,0,0,,
E,cal,1,223,T1,2,NR,2093,L,0,0,0,0,,
E,cal,1,223,T1,2,C,2094,R,M,0,M,0,,
group,sp,mID,mTag,trans,dist,trt,tag,side,L1,L2,L3,L4,Notes,
E,cal,1,223,T2,1,NR,2095,L,M,M,M,M,,
E,cal,1,223,T2,1,C,2096,R,M,M,0,M,,
E,cal,1,223,T2,2,NR,2097,L,M,0,M,M,,
E,cal,1,223,T1,0.5,NR,2098,L,0,0,0,M,,
E,cal,1,223,T1,1,NR,2099,L,M,0,M,0,,
E,cal,1,223,T1,1,C,2100,R,M,M,M,M,,
E,cal,1,223,T2,0.5,NR,2199,R,M,M,M,M,,
E,cal,1,223,T2,2,C,2200,R,0,M,0,0,,
E,cal,2,131,home,0,NR,2057,R,M,M,M,M,,
E,cal,2,131,home,0,C,2064,L,M,M,M,M,,
E,cal,2,131,T1,1,C,2067,L,M,M,M,M,,
E,cal,2,131,T2,0.5,C,2068,L,0,0,M,0,,
E,cal,2,131,T2,2,C,2070,L,M,M,M,M,,
E,cal,2,131,T2,1,NR,2071,L,M,M,M,M,,
E,cal,2,131,T1,0.5,NR,2072,R,0,0,0,0,,
E,cal,2,131,T2,2,NR,2073,R,M,M,0,M,,
E,cal,2,131,T1,0.5,C,2074,L,0,0,0,0,,
E,cal,2,131,T1,2,C,2075,R,0,M,0,0,,
E,cal,2,131,T1,2,NR,2076,L,0,0,0,0,,
E,cal,2,131,T1,1,NR,2077,R,M,0,M,M,,
E,cal,2,131,T2,1,C,2078,R,M,M,M,M,,
E,cal,2,131,T2,0.5,NR,2079,R,0,M,M,M,,
E,cal,3,102,home,0,C,2055,L,M,M,M,0,,
E,cal,3,102,home,0,NR,2059,R,M,M,M,M,,
E,cal,3,102,T2,2,NR,2107,R,M,M,M,M,,
E,cal,3,102,T2,2,C,2108,L,0,F,M,M,,
E,cal,3,102,T2,1,C,2109,R,0,0,0,0,,
E,cal,3,102,T2,1,NR,2110,L,M,M,M,M,,
E,cal,3,102,T2,0.5,NR,2111,L,0,0,M,M,,
E,cal,3,102,T2,0.5,C,2112,R,M,0,0,M,,
E,cal,3,102,T1,2,NR,2174,L,M,M,M,M,,
E,cal,3,102,T1,1,NR,2175,R,0,M,0,M,,
E,cal,3,102,T1,2,C,2177,R,M,M,M,M,,
E,cal,3,102,T1,0.5,NR,2178,R,0,0,M,M,,
E,cal,3,102,T1,0.5,C,2179,L,0,0,0,0,,
E,cal,3,102,T1,1,C,2187,L,0,0,0,0,,
E,cal,4,122,T2,0.5,NR,2102,R,V,M,0,M,,
E,cal,4,122,home,0,C,2060,R,0,0,M,0,,
E,cal,4,122,home,0,NR,2061,L,M,M,0,0,,
E,cal,4,122,T2,0.5,C,2101,L,M,0,M,M,,
E,cal,4,122,T2,1,NR,2103,R,0,0,0,M,,
E,cal,4,122,T2,1,C,2104,L,M,0,0,0,,
E,cal,4,122,T2,2,NR,2105,L,M,M,M,M,,
E,cal,4,122,T2,2,C,2106,R,0,M,M,M,,
group,sp,mID,mTag,trans,dist,trt,tag,side,L1,L2,L3,L4,Notes,
E,cal,4,122,T1,2,NR,2180,R,0,M,M,M,,
E,cal,4,122,T1,2,C,2181,L,M,M,M,M,,
E,cal,4,122,T1,1,NR,2182,R,0,M,0,M,,
E,cal,4,122,T1,1,C,2183,L,M,0,M,0,,
E,cal,4,122,T1,0.5,C,2184,R,M,M,M,M,,
E,cal,4,122,T1,0.5,NR,2185,L,M,M,0,0,,
E,cal,5,104,home,0,NR,2058,L,M,M,M,0,,
E,cal,5,104,home,0,C,2066,R,M,0,0,0,,
E,cal,5,104,T2,2,NR,2186,L,M,M,M,0,,
E,cal,5,104,T2,2,C,2187,R,0,0,M,M,,
E,cal,5,104,T2,1,C,2188,R,M,M,M,0,,
E,cal,5,104,T2,1,NR,2189,L,M,M,0,M,,
E,cal,5,104,T2,0.5,NR,2190,R,0,M,M,M,,
E,cal,5,104,T2,0.5,C,2191,L,0,M,M,0,,
E,cal,5,104,T1,2,NR,2192,L,G,G,0,G,,
E,cal,5,104,T1,2,C,2193,R,0,0,0,0,,
E,cal,5,104,T1,1,C,2194,R,0,0,0,M,,
E,cal,5,104,T1,1,NR,2195,L,M,0,0,M,,
E,cal,5,104,T1,0.5,NR,2196,L,M,M,M,M,,
E,cal,5,104,T1,0.5,C,2197,R,0,0,M,0,,
E,cal,6,119,home,0,C,2062,L,M,M,M,M,,
E,cal,6,119,home,0,NR,2065,R,M,M,M,M,,
E,cal,6,119,T2,1,C,2069,R,M,0,M,M,,
E,cal,6,119,T2,0.5,C,2080,L,M,M,M,0,,
E,cal,6,119,T2,1,NR,2081,L,M,M,M,M,,
E,cal,6,119,T1,0.5,NR,2082,R,M,M,M,M,,
E,cal,6,119,T1,1,NR,2083,R,M,M,M,0,,
E,cal,6,119,T1,0.5,C,2084,L,0,0,M,0,,
E,cal,6,119,T2,2,C,2085,R,0,0,M,0,,
E,cal,6,119,T1,1,C,2086,L,0,M,0,M,,
E,cal,6,119,T2,2,NR,2087,L,M,M,M,0,,
E,cal,6,119,T1,2,C,2088,R,M,M,0,M,,
E,cal,6,119,T2,0.5,NR,2089,R,M,0,0,0,,
E,cal,6,119,T1,2,NR,2091,L,M,M,M,M,,
E,fre,1,103,home,0,NR,2114,L,0,0,0,0,,
E,fre,1,103,home,0,C,2115,R,0,0,0,0,,
E,fre,1,103,T2,2,NR,2160,L,0,0,0,0,,
E,fre,1,103,T2,2,C,2161,R,0,0,0,0,,
E,fre,1,103,T2,0.5,NR,2162,L,0,0,0,0,,
E,fre,1,103,T2,0.5,C,2163,R,0,0,0,0,,
E,fre,1,103,T2,1,NR,2164,L,0,0,0,M,,
E,fre,1,103,T1,0.5,NR,2165,R,0,0,0,0,,
E,fre,1,103,T1,1,C,2166,L,0,0,0,0,,
E,fre,1,103,T1,1,NR,2167,R,0,0,0,0,,
group,sp,mID,mTag,trans,dist,trt,tag,side,L1,L2,L3,L4,Notes,
E,fre,1,103,T1,2,C,2168,L,0,0,0,0,,
E,fre,1,103,T1,0.5,C,2169,L,M,M,M,M,,
E,fre,1,103,T2,1,C,2170,R,0,0,0,M,,
E,fre,1,103,T1,2,NR,2179,R,0,0,0,0,,
E,fre,2,101,T1,0.5,C,2123,R,0,0,0,0,,
E,fre,2,101,T1,0.5,NR,2124,L,0,0,0,0,,
E,fre,2,101,T1,1,NR,2125,L,0,0,0,M,,
E,fre,2,101,T1,1,C,2126,R,0,0,0,0,,
E,fre,2,101,T1,2,C,2127,R,0,0,0,0,,
E,fre,2,101,T1,2,NR,2128,L,0,0,0,0,,
E,fre,2,101,T2,0.5,NR,2129,L,0,0,0,0,,
E,fre,2,101,T2,0.5,C,2130,R,0,0,0,0,,
E,fre,2,101,T2,1,C,2131,L,0,0,0,0,,
E,fre,2,101,T2,1,NR,2132,R,0,0,0,0,,
E,fre,2,101,T2,2,C,2133,L,0,0,0,M,,
E,fre,2,101,T2,2,NR,2134,R,0,0,0,0,,
E,fre,2,101,home,0,C,2172,L,0,0,0,0,,
E,fre,2,101,home,0,NR,2173,R,0,0,0,0,,
E,fre,3,120,home,0,NR,2121,R,0,0,0,0,,
E,fre,3,120,home,0,C,2122,L,0,0,0,0,,
E,fre,3,120,T1,0.5,NR,2135,L,0,0,0,F,,
E,fre,3,120,T1,0.5,C,2136,R,0,0,0,0,,
E,fre,3,120,T1,1,C,2137,L,0,M,0,0,,
E,fre,3,120,T1,1,NR,2138,R,M,0,0,0,,
E,fre,3,120,T1,2,C,2139,L,M,M,M,0,,
E,fre,3,120,T1,2,NR,2140,R,0,0,0,V,,
E,fre,3,120,T2,0.5,C,2141,L,0,0,0,0,,
E,fre,3,120,T2,0.5,NR,2142,R,0,0,0,0,,
E,fre,3,120,T2,1,NR,2143,R,0,0,0,V,,
E,fre,3,120,T2,1,C,2144,L,0,0,0,0,,
E,fre,3,120,T2,2,C,2145,R,M,M,M,M,,
E,fre,3,120,T2,2,NR,2146,L,0,0,0,0,,
E,fre,4,130,home,0,NR,2119,R,0,0,0,0,,
E,fre,4,130,home,0,C,2120,L,0,0,M,M,,
E,fre,4,130,T1,0.5,NR,2147,R,0,0,0,M,,
E,fre,4,130,T1,0.5,C,2148,L,0,0,0,0,,
E,fre,4,130,T1,1,NR,2149,L,0,0,0,0,,
E,fre,4,130,T1,1,C,2150,R,0,0,M,M,,
E,fre,4,130,T1,2,NR,2151,R,0,0,0,0,,
E,fre,4,130,T1,2,C,2152,L,0,0,M,0,,
E,fre,4,130,T2,0.5,NR,2153,L,0,0,0,0,,
E,fre,4,130,T2,0.5,C,2154,R,0,0,0,0,,
E,fre,4,130,T2,1,C,2155,R,0,0,0,0,,
E,fre,4,130,T2,1,NR,2156,L,0,0,0,0,,
group,sp,mID,mTag,trans,dist,trt,tag,side,L1,L2,L3,L4,Notes,
E,fre,4,130,T2,2,C,2157,L,M,0,M,M,,
E,fre,4,130,T2,2,NR,2158,R,0,0,0,0,,
E,fre,5,105,home,0,NR,2115,L,0,0,0,0,,
E,fre,5,105,home,0,C,2116,R,0,0,0,0,,
E,fre,5,105,T1,0.5,NR,2159,L,M,0,0,0,,
E,fre,5,105,T1,0.5,C,2201,R,0,M,0,0,,
E,fre,5,105,T1,1,C,2202,L,0,0,0,0,,
E,fre,5,105,T1,1,NR,2203,R,0,0,0,0,,
E,fre,5,105,T1,2,NR,2204,R,0,0,0,0,,
E,fre,5,105,T1,2,C,2205,L,0,0,0,0,,
E,fre,5,105,T2,0.5,C,2206,L,M,0,0,0,,
E,fre,5,105,T2,0.5,NR,2207,R,0,0,V,0,,
E,fre,5,105,T2,1,C,2208,L,M,M,M,M,,
E,fre,5,105,T2,1,NR,2209,R,0,0,0,0,,
E,fre,5,105,T2,2,NR,2210,R,0,0,0,0,,
E,fre,5,105,T2,2,C,2211,L,M,0,0,0,,
E,fre,6,123,home,0,NR,2117,R,0,0,0,0,,
E,fre,6,123,home,0,C,2118,L,0,0,0,M,,
E,fre,6,123,T1,0.5,C,2212,R,0,M,0,0,,
E,fre,6,123,T1,0.5,NR,2213,L,0,0,0,0,,
E,fre,6,123,T1,1,C,2214,R,M,M,0,0,,
E,fre,6,123,T1,1,NR,2215,L,0,0,0,0,,
E,fre,6,123,T1,2,C,2216,L,0,0,G,0,,
E,fre,6,123,T1,2,NR,2217,R,0,0,0,0,,
E,fre,6,123,T2,0.5,C,2218,R,M,0,0,M,,
E,fre,6,123,T2,0.5,NR,2219,L,0,M,0,0,,
E,fre,6,123,T2,1,NR,2220,R,0,0,0,0,,
E,fre,6,123,T2,1,C,2221,L,0,0,M,0,,
E,fre,6,123,T2,2,NR,2222,L,0,0,0,0,,
E,fre,6,123,T2,2,C,2223,R,0,0,0,0,,
E,glab,1,114,home,0,NR,2694,L,0,0,0,0,,
E,glab,1,114,home,0,C,2695,R,M,M,0,0,,
E,glab,1,114,T2,0.5,C,2736,L,0,0,0,0,,
E,glab,1,114,T2,0.5,NR,2737,R,0,0,0,M,,
E,glab,1,114,T2,1,NR,2738,R,0,0,0,M,,
E,glab,1,114,T2,1,C,2739,L,0,0,0,0,,
E,glab,1,114,T2,2,NR,2740,L,0,0,0,M,,
E,glab,1,114,T2,2,C,2741,R,0,0,0,0,,
E,glab,2,140,home,0,C,2691,R,M,M,M,M,,
E,glab,2,140,T1,0.5,C,2730,R,M,M,0,0,,
E,glab,2,140,T1,1,C,2732,R,0,0,0,0,,
E,glab,2,140,T1,2,C,2735,L,0,0,0,0,,
F,cal,1,159,home,0,NR,2310,R,0,0,0,0,20220330,
F,cal,1,159,home,0,C,2311,L,0,0,0,0,,
group,sp,mID,mTag,trans,dist,trt,tag,side,L1,L2,L3,L4,Notes,
F,cal,1,159,T2,0.5,NR,2326,R,0,0,0,0,,
F,cal,1,159,T2,0.5,C,2327,L,0,0,0,0,,
F,cal,1,159,T2,1,NR,2328,R,0,0,0,0,,
F,cal,1,159,T2,1,C,2329,L,0,0,0,0,,
F,cal,1,159,T2,2,C,2330,R,0,0,0,0,,
F,cal,1,159,T2,2,NR,2331,L,0,0,0,0,,
F,cal,2,158,home,0,NR,2316,L,0,0,0,0,,
F,cal,2,158,home,0,C,2317,R,0,0,0,0,,
F,cal,2,158,T2,0.5,C,2332,R,0,0,0,0,,
F,cal,2,158,T2,0.5,NR,2333,L,0,0,0,V,,
F,cal,2,158,T2,1,NR,2334,R,0,0,0,0,,
F,cal,2,158,T2,1,C,2335,L,0,0,0,0,,
F,cal,2,158,T2,2,NR,2336,L,0,0,0,0,,
F,cal,2,158,T2,2,C,2337,R,0,0,0,0,,
F,cal,2,158,T1,0.5,C,2338,L,0,0,0,0,,
F,cal,2,158,T1,0.5,NR,2339,R,0,0,0,0,,
F,cal,2,158,T1,1,C,2340,R,0,0,0,0,,
F,cal,2,158,T1,1,NR,2341,L,0,0,0,0,,
F,cal,2,158,T1,2,NR,2342,L,0,0,0,0,,
F,cal,2,158,T1,2,C,2343,R,0,0,0,0,,
F,cal,3,157,home,0,C,2312,L,0,0,M,0,,
F,cal,3,157,home,0,NR,2318,R,0,0,0,0,,
F,cal,3,157,T1,2,C,2344,R,0,M,0,0,,
F,cal,3,157,T1,2,NR,2345,L,0,0,0,0,,
F,cal,3,157,T1,1,C,2346,R,0,M,0,0,,
F,cal,3,157,T1,1,NR,2347,L,0,0,0,0,,
F,cal,3,157,T1,0.5,NR,2348,R,0,0,0,0,,
F,cal,3,157,T1,0.5,C,2349,L,0,0,0,0,,
F,cal,3,157,T2,2,C,2350,R,0,0,0,0,,
F,cal,3,157,T2,2,NR,2351,L,0,0,0,0,,
F,cal,3,157,T2,1,C,2352,L,0,0,0,0,,
F,cal,3,157,T2,1,NR,2353,R,0,0,0,0,,
F,cal,3,157,T2,0.5,C,2354,L,0,0,0,0,,
F,cal,3,157,T2,0.5,NR,2355,R,0,0,0,0,,
F,cal,4,251,home,0,NR,2315,R,0,0,0,0,,
F,cal,4,251,home,0,C,2319,L,0,0,0,0,,
F,cal,4,251,T2,0.5,C,2374,R,0,0,0,0,,
F,cal,4,251,T2,0.5,NR,2375,L,0,0,0,0,,
F,cal,4,251,T2,1,C,2376,L,0,0,0,0,,
F,cal,4,251,T2,1,NR,2377,R,0,0,0,0,,
F,cal,4,251,T2,2,NR,2378,L,0,0,0,0,,
F,cal,4,251,T2,2,C,2379,R,0,0,0,M,,
F,cal,5,242,home,0,C,2308,L,0,0,0,0,,
F,cal,5,242,home,0,NR,2309,R,0,0,0,0,,
group,sp,mID,mTag,trans,dist,trt,tag,side,L1,L2,L3,L4,Notes,
F,cal,5,242,T2,2,NR,2356,R,0,0,0,0,,
F,cal,5,242,T2,2,C,2357,L,0,0,0,0,,
F,cal,5,242,T2,1,NR,2358,L,0,0,0,0,,
F,cal,5,242,T2,1,C,2359,R,0,0,0,M,,
F,cal,5,242,T2,0.5,NR,2360,R,0,0,0,0,,
F,cal,5,242,T2,0.5,C,2361,L,0,0,0,F,,
F,cal,5,242,T1,0.5,C,2362,R,0,0,0,0,,
F,cal,5,242,T1,0.5,NR,2363,L,0,V,0,F,,
F,cal,5,242,T1,1,NR,2364,R,F,0,0,0,,
F,cal,5,242,T1,1,C,2365,L,0,0,0,0,,
F,cal,5,242,T1,2,NR,2366,L,0,0,0,0,,
F,cal,5,242,T1,2,C,2367,R,0,G,0,G,,
F,cal,6,241,home,0,NR,2313,R,0,0,M,0,,
F,cal,6,241,home,0,C,2314,L,0,0,0,M,,
F,cal,6,241,T1,0.5,NR,2380,L,0,0,0,F,,
F,cal,6,241,T1,0.5,C,2381,R,0,0,0,0,,
F,cal,6,241,T1,1,C,2382,L,0,0,0,0,,
F,cal,6,241,T1,1,NR,2383,R,0,0,0,0,,
F,cal,6,241,T1,2,NR,2384,L,B,0,0,0,,
F,cal,6,241,T1,2,C,2385,R,0,M,M,M,,
F,cal,6,241,T2,0.5,NR,2386,L,0,0,0,0,,
F,cal,6,241,T2,0.5,C,2387,R,0,M,0,M,,
F,cal,6,241,T2,1,NR,2388,R,0,0,0,0,,
F,cal,6,241,T2,1,C,2389,L,0,0,0,0,,
F,cal,6,241,T2,2,NR,2390,R,0,0,0,0,Left - 0000,
F,fre,1,154,home,0,C,2226,L,0,0,0,0,20220330,
F,fre,1,154,home,0,NR,2231,R,0,0,0,M,,
F,fre,1,154,T1,0.5,NR,2236,L,0,0,0,0,,
F,fre,1,154,T1,0.5,C,2237,R,0,0,0,0,,
F,fre,1,154,T1,1,NR,2238,R,0,0,0,0,,
F,fre,1,154,T1,1,C,2239,L,0,0,0,0,,
F,fre,1,154,T1,2,C,2240,L,0,0,0,0,,
F,fre,1,154,T1,2,NR,2241,R,0,0,0,0,,
F,fre,1,154,T2,0.5,NR,2242,L,0,0,0,0,,
F,fre,1,154,T2,0.5,C,2243,R,0,0,0,0,,
F,fre,1,154,T2,1,NR,2244,L,0,0,0,0,,
F,fre,1,154,T2,1,C,2245,R,0,0,0,0,,
F,fre,1,154,T2,2,C,2246,L,0,M,M,0,,
F,fre,1,154,T2,2,NR,2247,R,0,0,0,0,,
F,fre,2,155,home,0,C,2232,R,0,0,0,0,,
F,fre,2,155,home,0,NR,2233,L,0,0,0,0,,
F,fre,2,155,T1,0.5,C,2248,R,0,0,V,0,,
F,fre,2,155,T1,0.5,NR,2249,L,0,0,0,0,,
F,fre,2,155,T1,1,NR,2250,R,0,0,0,0,,
group,sp,mID,mTag,trans,dist,trt,tag,side,L1,L2,L3,L4,Notes,
F,fre,2,155,T1,1,C,2251,L,0,0,0,0,,
F,fre,2,155,T1,2,NR,2252,L,0,0,0,0,,
F,fre,2,155,T1,2,C,2253,R,0,0,0,0,,
F,fre,2,155,T2,0.5,C,2254,L,0,0,0,0,,
F,fre,2,155,T2,0.5,NR,2255,R,0,0,0,0,,
F,fre,2,155,T2,1,NR,2256,L,0,0,0,0,,
F,fre,2,155,T2,1,C,2257,R,0,0,0,0,,
F,fre,2,155,T2,2,C,2258,L,0,0,0,0,,
F,fre,2,155,T2,2,NR,2259,R,0,0,0,0,,
F,fre,3,156,home,0,NR,2227,L,0,0,0,0,,
F,fre,3,156,home,0,C,2228,R,0,0,0,0,,
F,fre,3,156,T1,0.5,C,2260,L,0,0,0,0,,
F,fre,3,156,T1,0.5,NR,2261,R,0,0,0,0,,
F,fre,3,156,T1,1,C,2262,R,0,0,0,0,,
F,fre,3,156,T1,1,NR,2263,L,0,0,0,0,,
F,fre,3,156,T1,2,NR,2264,L,0,0,0,B,,
F,fre,3,156,T1,2,C,2265,R,0,0,0,0,,
F,fre,3,156,T2,0.5,NR,2266,L,0,0,0,0,,
F,fre,3,156,T2,0.5,C,2267,R,0,0,0,0,,
F,fre,3,156,T2,1,C,2268,L,0,0,0,0,,
F,fre,3,156,T2,1,NR,2269,R,0,0,0,0,,
F,fre,3,156,T2,2,C,2270,L,0,0,0,0,,
F,fre,3,156,T2,2,NR,2271,R,0,0,F,0,,
F,fre,4,250,home,0,C,2224,L,0,0,0,0,,
F,fre,4,250,home,0,NR,2230,R,0,0,0,0,,
F,fre,4,250,T1,0.5,C,2272,R,0,0,0,0,,
F,fre,4,250,T1,0.5,NR,2273,L,0,0,0,0,,
F,fre,4,250,T1,1,NR,2274,L,0,0,0,0,,
F,fre,4,250,T1,1,C,2275,R,0,0,0,0,,
F,fre,4,250,T1,2,NR,2276,R,0,0,0,0,,
F,fre,4,250,T1,2,C,2277,L,0,0,0,0,,
F,fre,5,254,home,0,NR,2234,L,0,0,0,0,,
F,fre,5,254,home,0,C,2235,R,M,M,0,0,,
F,fre,5,254,T1,0.5,NR,2284,R,0,0,0,0,,
F,fre,5,254,T1,0.5,C,2285,L,0,0,0,0,,
F,fre,5,254,T1,1,C,2286,L,0,0,0,0,,
F,fre,5,254,T1,1,NR,2287,R,0,0,0,0,,
F,fre,5,254,T1,2,NR,2288,R,0,0,0,0,,
F,fre,5,254,T1,2,C,2289,L,0,0,0,0,,
F,fre,5,254,T2,0.5,NR,2290,L,0,0,0,0,,
F,fre,5,254,T2,0.5,C,2291,R,0,0,0,0,,
F,fre,5,254,T2,1,NR,2292,R,0,0,0,0,,
F,fre,5,254,T2,1,C,2293,L,0,0,0,0,,
F,fre,5,254,T2,2,NR,2294,R,0,0,0,0,,
group,sp,mID,mTag,trans,dist,trt,tag,side,L1,L2,L3,L4,Notes,
F,fre,5,254,T2,2,C,2295,L,0,0,0,0,,
F,fre,6,248,home,0,C,2225,R,0,0,0,0,,
F,fre,6,248,home,0,NR,2229,L,0,0,0,0,,
F,fre,6,248,T1,0.5,NR,2296,R,0,0,0,0,,
F,fre,6,248,T1,0.5,C,2297,L,0,0,0,0,,
F,fre,6,248,T1,1,C,2298,R,0,0,0,0,,
F,fre,6,248,T1,1,NR,2299,L,0,0,0,0,,
F,fre,6,248,T1,2,NR,2300,R,0,0,V,0,,
F,fre,6,248,T1,2,C,2301,L,0,0,0,0,,
F,fre,6,248,T2,0.5,C,2302,L,0,0,0,0,,
F,fre,6,248,T2,0.5,NR,2303,R,0,0,0,0,,
F,fre,6,248,T2,1,C,2304,L,0,0,0,0,,
F,fre,6,248,T2,1,NR,2305,R,0,0,0,0,,
F,fre,6,248,T2,2,C,2306,L,0,0,0,0,,
F,fre,6,248,T2,2,NR,2307,R,0,0,0,0,,
F,glab,1,162,home,0,C,2400,L,0,0,M,0,20220330,
F,glab,1,162,T1,0.5,C,2601,R,0,0,0,0,,
F,glab,1,162,T1,1,C,2604,L,0,0,0,0,,
F,glab,1,162,T1,2,C,2605,L,0,0,0,0,,
F,glab,2,161,T2,0.5,C,2619,R,0,M,0,0,,
F,glab,2,161,T2,0.5,NR,2620,L,0,0,0,0,,
F,glab,2,161,T2,1,C,2621,R,0,0,0,M,,
F,glab,2,161,T2,1,NR,2622,L,0,0,0,0,,
F,glab,2,161,T2,2,C,2623,R,0,0,0,0,,
F,glab,2,161,T2,2,NR,2624,L,0,0,0,0,,
F,glab,2,161,home,0,C,2698,L,0,0,0,0,,
F,glab,2,161,home,0,NR,2699,R,0,0,0,0,,
G,cal,1,210,home,0,C,2426,L,0,0,0,0,,
G,cal,1,210,home,0,NR,2428,R,0,M,B,0,,
G,cal,1,210,T1,0.5,NR,2459,R,0,0,0,0,,
G,cal,1,210,T1,0.5,C,2460,L,0,0,0,0,,
G,cal,1,210,T1,1,NR,2461,L,0,0,0,0,,
G,cal,1,210,T1,1,C,2462,R,0,M,0,0,,
G,cal,1,210,T1,2,NR,2463,L,M,M,M,M,,
G,cal,1,210,T1,2,C,2464,R,0,0,0,M,,
G,cal,1,210,T2,0.5,C,2465,R,0,0,0,0,,
G,cal,1,210,T2,0.5,NR,2466,L,0,M,0,M,,
G,cal,1,210,T2,1,C,2467,L,G,0,M,0,,
G,cal,1,210,T2,1,NR,2468,R,0,0,0,M,,
G,cal,1,210,T2,2,NR,2469,R,M,M,M,M,,
G,cal,1,210,T2,2,C,2470,L,M,0,0,0,,
G,cal,2,209,home,0,C,2416,R,M,0,0,0,,
G,cal,2,209,home,0,NR,2424,L,0,0,M,0,,
G,cal,2,209,T1,0.5,NR,2447,R,0,0,0,0,,
group,sp,mID,mTag,trans,dist,trt,tag,side,L1,L2,L3,L4,Notes,
G,cal,2,209,T1,0.5,C,2448,L,0,0,0,0,,
G,cal,2,209,T1,1,C,2449,R,0,0,0,0,,
G,cal,2,209,T1,1,NR,2450,L,0,0,M,0,,
G,cal,2,209,T1,2,NR,2451,L,0,0,0,0,,
G,cal,2,209,T1,2,C,2452,R,0,0,0,0,,
G,cal,2,209,T2,0.5,NR,2453,R,0,M,0,M,,
G,cal,2,209,T2,0.5,C,2454,L,0,0,M,0,,
G,cal,2,209,T2,1,NR,2455,L,0,0,0,0,,
G,cal,2,209,T2,1,C,2456,R,0,0,0,0,,
G,cal,2,209,T2,2,NR,2457,R,M,M,M,M,,
G,cal,2,209,T2,2,C,2458,L,M,0,0,0,,
G,cal,3,208,home,0,NR,2420,R,0,0,0,M,,
G,cal,3,208,home,0,C,2423,L,0,0,0,0,,
G,cal,3,208,T1,0.5,C,2435,R,M,M,0,0,,
G,cal,3,208,T1,0.5,NR,2436,L,M,0,M,0,,
G,cal,3,208,T1,1,C,2437,L,M,M,0,0,,
G,cal,3,208,T1,1,NR,2438,R,0,M,0,M,,
G,cal,3,208,T1,2,NR,2439,R,0,M,0,0,,
G,cal,3,208,T1,2,C,2440,L,0,0,M,M,,
G,cal,3,208,T2,0.5,C,2441,L,0,0,0,0,,
G,cal,3,208,T2,0.5,NR,2442,R,0,0,M,0,,
G,cal,3,208,T2,1,C,2443,R,0,0,0,0,,
G,cal,3,208,T2,1,NR,2444,L,M,0,0,M,,
G,cal,3,208,T2,2,C,2445,R,0,0,0,0,,
G,cal,3,208,T2,2,NR,2446,L,0,0,0,M,,
G,fre,1,204,home,0,NR,2415,L,0,0,0,0,,
G,fre,1,204,home,0,C,2422,R,G,G,G,G,,
G,fre,1,204,T1,0.5,NR,2471,L,0,0,0,0,,
G,fre,1,204,T1,0.5,C,2472,R,0,0,0,G,,
G,fre,1,204,T1,1,C,2473,R,M,0,0,0,,
G,fre,1,204,T1,1,NR,2474,L,0,G,0,0,,
G,fre,1,204,T1,2,C,2475,L,M,0,0,0,,
G,fre,1,204,T1,2,NR,2476,R,0,0,0,M,,
G,fre,1,204,T2,0.5,NR,2477,R,0,0,0,0,,
G,fre,1,204,T2,0.5,C,2478,L,0,0,0,0,,
G,fre,1,204,T2,1,C,2479,L,0,G,0,0,,
G,fre,1,204,T2,1,NR,2480,R,0,0,0,0,,
G,fre,1,204,T2,2,C,2481,L,0,0,0,0,,
G,fre,1,204,T2,2,NR,2482,R,0,0,0,0,,
G,fre,2,203,home,0,C,2417,R,0,G,0,0,,
G,fre,2,203,home,0,NR,2425,L,0,0,0,0,,
G,fre,2,203,T1,0.5,NR,2483,R,0,G,0,G,,
G,fre,2,203,T1,0.5,C,2484,L,0,0,M,G,,
G,fre,2,203,T1,1,NR,2485,L,M,0,0,0,,
group,sp,mID,mTag,trans,dist,trt,tag,side,L1,L2,L3,L4,Notes,
G,fre,2,203,T1,1,C,2486,R,0,0,0,0,,
G,fre,2,203,T1,2,C,2487,R,F,G,0,G,,
G,fre,2,203,T1,2,NR,2488,L,0,M,F,0,,
G,fre,2,203,T2,0.5,C,2489,R,G,G,G,G,,
G,fre,2,203,T2,0.5,NR,2490,L,G,G,G,G,,
G,fre,2,203,T2,1,C,2491,R,0,0,0,0,,
G,fre,2,203,T2,1,NR,2492,L,0,0,0,0,,
G,fre,2,203,T2,2,C,2493,R,0,0,0,0,,
G,fre,2,203,T2,2,NR,2494,L,0,0,0,0,,
G,fre,3,202,home,0,C,2418,L,0,0,M,F,,
G,fre,3,202,home,0,NR,2419,R,0,0,0,0,,
G,fre,3,202,T1,0.5,NR,2801,R,M,F,0,0,,
G,fre,3,202,T1,0.5,C,2802,L,0,0,0,0,,
G,fre,3,202,T1,1,C,2803,R,M,M,0,M,,
G,fre,3,202,T1,1,NR,2804,L,M,0,M,0,,
G,fre,3,202,T1,2,C,2805,L,0,0,M,0,,
G,fre,3,202,T1,2,NR,2806,R,M,0,M,M,,
G,fre,3,202,T2,0.5,NR,2807,L,M,F,0,M,,
G,fre,3,202,T2,0.5,C,2808,R,G,G,G,G,,
G,fre,3,202,T2,1,C,2809,R,M,M,0,M,,
G,fre,3,202,T2,1,NR,2810,L,0,0,M,0,,
G,fre,3,202,T2,2,NR,2811,L,0,0,0,0,,
G,fre,3,202,T2,2,C,2812,R,0,0,M,0,,
G,glab,1,196,home,0,C,2686,R,0,0,0,0,,
G,glab,1,196,T1,0.5,C,2748,R,0,0,0,0,,
G,glab,1,196,T1,1,C,2751,R,M,0,0,0,,
G,glab,1,196,T1,2,C,2753,R,0,0,0,0,,
H,cal,1,217,home,0,NR,2530,R,0,0,0,0,20220330,
H,cal,1,217,home,0,C,2531,L,0,0,0,0,,
H,cal,1,217,T2,0.5,NR,2536,R,0,0,0,0,,
H,cal,1,217,T2,0.5,C,2537,L,0,0,0,0,,
H,cal,1,217,T2,1,C,2538,L,0,0,0,0,,
H,cal,1,217,T2,1,NR,2539,R,0,0,0,0,,
H,cal,1,217,T2,2,NR,2540,R,0,0,0,0,,
H,cal,1,217,T2,2,C,2541,L,0,0,0,0,,
H,cal,1,217,T1,0.5,NR,2542,L,0,0,0,0,,
H,cal,1,217,T1,0.5,C,2543,R,0,0,0,0,,
H,cal,1,217,T1,1,C,2544,R,0,0,0,0,,
H,cal,1,217,T1,1,NR,2545,L,0,0,0,0,,
H,cal,1,217,T1,2,NR,2546,R,0,0,0,0,,
H,cal,1,217,T1,2,C,2547,L,0,0,0,0,,
H,cal,2,216,home,0,C,2532,R,0,M,0,0,,
H,cal,2,216,home,0,NR,2533,L,0,0,0,0,,
H,cal,2,216,T2,1,NR,2548,R,0,0,0,0,,
group,sp,mID,mTag,trans,dist,trt,tag,side,L1,L2,L3,L4,Notes,
H,cal,2,216,T2,2,C,2549,R,0,0,0,0,,
H,cal,2,216,T2,2,NR,2550,L,0,0,0,F,,
H,cal,2,216,T2,1,C,2551,L,M,0,M,M,,
H,cal,2,216,T2,0.5,C,2552,L,0,0,0,0,,
H,cal,2,216,T2,0.5,NR,2553,R,0,0,0,0,,
H,cal,2,216,T1,0.5,NR,2554,R,0,0,0,0,,
H,cal,2,216,T1,0.5,C,2555,L,0,0,M,0,,
H,cal,2,216,T1,1,NR,2556,R,0,0,0,0,,
H,cal,2,216,T1,1,C,2557,L,0,0,0,0,,
H,cal,2,216,T1,2,C,2558,R,0,0,0,0,,
H,cal,2,216,T1,2,NR,2559,L,0,0,0,0,,
H,cal,3,215,home,0,NR,2534,L,0,0,0,0,,
H,cal,3,215,home,0,C,2535,R,0,0,0,0,,
H,cal,3,215,T2,2,NR,2560,R,0,0,0,0,,
H,cal,3,215,T2,2,C,2561,L,0,0,0,0,,
H,cal,3,215,T2,1,NR,2562,R,0,0,G,G,,
H,cal,3,215,T2,1,C,2563,L,0,0,0,0,,
H,cal,3,215,T2,0.5,C,2564,R,0,0,0,0,,
H,cal,3,215,T2,0.5,NR,2565,L,0,0,0,0,,
H,cal,3,215,T1,0.5,C,2566,R,0,0,0,0,,
H,cal,3,215,T1,0.5,NR,2567,L,0,0,0,0,,
H,cal,3,215,T1,1,C,2568,R,M,M,0,0,,
H,cal,3,215,T1,1,NR,2569,L,0,0,0,0,,
H,cal,3,215,T1,2,C,2570,R,0,0,0,0,,
H,cal,3,215,T1,2,NR,2571,L,F,0,0,0,,
H,fre,2,145,T2,0.5,NR,2501,R,0,0,0,0,,
H,fre,2,145,T2,1,C,2502,R,0,0,G,0,,
H,fre,2,145,T2,1,NR,2503,L,0,B,0,0,,
H,fre,2,145,T2,2,NR,2504,L,0,0,0,0,,
H,fre,2,145,T2,2,C,2505,R,0,0,0,0,,
H,fre,2,145,home,0,NR,2784,R,0,0,0,0,,
H,fre,2,145,home,0,C,2785,L,0,0,M,0,,
H,fre,2,145,T1,0.5,C,2790,L,0,0,0,0,,
H,fre,2,145,T1,0.5,NR,2791,R,0,0,0,0,,
H,fre,2,145,T1,1,C,2792,L,0,0,0,0,,
H,fre,2,145,T1,1,NR,2793,R,0,0,0,0,,
H,fre,2,145,T1,2,NR,2796,L,0,0,0,0,,
H,fre,2,145,T2,0.5,C,2798,L,0,0,0,0,,
H,fre,2,145,T1,2,C,2800,R,0,0,0,0,,
H,fre,3,144,T1,0.5,C,2506,L,0,0,0,B,,
H,fre,3,144,T1,0.5,NR,2507,R,0,0,0,0,,
H,fre,3,144,T1,1,C,2508,L,0,0,0,G,,
H,fre,3,144,T1,1,NR,2509,R,0,0,0,0,,
H,fre,3,144,T1,2,C,2510,L,0,0,0,0,,
group,sp,mID,mTag,trans,dist,trt,tag,side,L1,L2,L3,L4,Notes,
H,fre,3,144,T1,2,NR,2511,R,F,0,0,0,,
H,fre,3,144,T2,0.5,C,2512,L,0,G,M,M,,
H,fre,3,144,T2,0.5,NR,2513,R,0,0,0,0,,
H,fre,3,144,T2,1,C,2514,R,M,0,0,M,,
H,fre,3,144,T2,1,NR,2515,L,0,0,0,0,,
H,fre,3,144,T2,2,NR,2516,R,B,0,0,0,,
H,fre,3,144,T2,2,C,2517,L,0,0,0,0,,
H,fre,3,144,home,0,C,2788,R,M,0,M,M,,
H,fre,3,144,home,0,NR,2789,L,G,G,G,G,,
H,fre,4,142,T1,0.5,NR,2518,R,0,0,0,0,,
H,fre,4,142,T1,0.5,C,2519,L,0,0,0,0,,
H,fre,4,142,T1,1,NR,2520,L,0,0,0,0,,
H,fre,4,142,T1,1,C,2521,R,0,0,0,0,,
H,fre,4,142,T1,2,NR,2522,R,0,0,0,0,,
H,fre,4,142,T1,2,C,2523,L,0,0,0,0,,
H,fre,4,142,T2,0.5,NR,2524,L,0,0,0,0,,
H,fre,4,142,T2,0.5,C,2525,R,0,0,0,0,,
H,fre,4,142,T2,1,NR,2526,L,0,B,0,0,,
H,fre,4,142,T2,1,C,2527,R,0,0,0,0,,
H,fre,4,142,T2,2,NR,2528,R,0,0,0,0,,
H,fre,4,142,T2,2,C,2529,L,0,0,0,0,,
H,fre,4,142,home,0,C,2786,R,0,0,0,0,,
H,fre,4,142,home,0,NR,2787,L,0,0,0,0,,
H,glab,2,234,home,0,C,2576,R,M,0,M,0,20220330,
H,glab,2,234,T1,0.5,C,2591,L,0,0,0,0,,
H,glab,2,234,T1,1,C,2592,R,0,0,0,M,,
H,glab,2,234,T1,2,C,2594,L,0,0,0,0,,